date,position,song,artist,popularity
2023-04-13,1,Tattoo,Loreen,84
2023-04-13,2,Queen of Kings,Alessandra,80
2023-04-13,3,Due Vite,Marco Mengoni,79
2023-04-13,4,Cha Cha Cha,Käärijä,74
2023-04-13,5,I Wrote A Song,Mae Muller,71
2023-04-13,6,Évidemment,La Zarra,69
2023-04-13,7,Unicorn,Noa Kirel,69
2023-04-13,8,Solo,BLANKA,68
2023-04-13,9,Who the Hell Is Edgar?,TEYA,67
2023-04-13,10,My Sister's Crown,Vesna,67
2023-04-13,11,Burning Daylight,Mia Nicolai,67
2023-04-13,12,EAEA,Blanca Paloma,62
2023-04-13,13,Because Of You,Gustaph,62
2023-04-13,14,Future Lover,Brunette,61
2023-04-13,15,Carpe Diem,Joker Out,61
2023-04-13,16,Samo mi se spava,Luke Black,61
2023-04-13,17,Heart of Steel - Eurovision Version,TVORCHI,60
2023-04-13,18,Soarele si Luna,Pasha Parfeni,60
2023-04-13,19,Watergun,Remo Forrer,60
2023-04-13,20,Breaking My Heart,Reiley,60
2023-04-13,21,Break a Broken Heart,Andrew Lambrou,60
2023-04-13,22,Ai Coração,Various Artists,59
2023-04-13,23,Bridges,ALIKA,59
2023-04-13,24,Promise,Voyager,58
2023-04-13,25,Mama ŠČ!,Let 3,58
2023-04-13,26,POWER,Diljá,57
2023-04-13,27,Dance (Our Own Party),The Busker,57
2023-04-13,28,We Are One,Wild Youth,57
2023-04-13,29,Aijā,Sudden Lights,57
2023-04-13,30,Blood & Glitter,Lord Of The Lost,56
2023-04-13,31,Echo - Eurovision 2023 - Georgia,Iru,55
2023-04-13,32,Stay,Monika Linkyte,55
2023-04-13,33,What They Say,Victor Vernicos,55
2023-04-13,34,Tell Me More,TuralTuranX,54
2023-04-13,35,D.G.T (Off And On),Theodor Andrei,54
2023-04-13,36,Duje (Fest 61-live version),Albina dhe familja Kelmendi,52
2023-04-13,37,Like an Animal,Piqued Jacks,41
2023-04-14,1,Tattoo,Loreen,84
2023-04-14,2,Queen of Kings,Alessandra,80
2023-04-14,3,Due Vite,Marco Mengoni,79
2023-04-14,4,Cha Cha Cha,Käärijä,74
2023-04-14,5,I Wrote A Song,Mae Muller,71
2023-04-14,6,Évidemment,La Zarra,69
2023-04-14,7,Unicorn,Noa Kirel,69
2023-04-14,8,Solo,BLANKA,68
2023-04-14,9,Burning Daylight,Mia Nicolai,68
2023-04-14,10,Who the Hell Is Edgar?,TEYA,67
2023-04-14,11,My Sister's Crown,Vesna,67
2023-04-14,12,EAEA,Blanca Paloma,62
2023-04-14,13,Because Of You,Gustaph,62
2023-04-14,14,Future Lover,Brunette,61
2023-04-14,15,Carpe Diem,Joker Out,61
2023-04-14,16,Samo mi se spava,Luke Black,61
2023-04-14,17,Heart of Steel - Eurovision Version,TVORCHI,60
2023-04-14,18,Soarele si Luna,Pasha Parfeni,60
2023-04-14,19,Watergun,Remo Forrer,60
2023-04-14,20,Breaking My Heart,Reiley,60
2023-04-14,21,Break a Broken Heart,Andrew Lambrou,60
2023-04-14,22,Ai Coração,Various Artists,59
2023-04-14,23,Bridges,ALIKA,59
2023-04-14,24,Promise,Voyager,59
2023-04-14,25,Mama ŠČ!,Let 3,58
2023-04-14,26,POWER,Diljá,57
2023-04-14,27,Dance (Our Own Party),The Busker,57
2023-04-14,28,We Are One,Wild Youth,57
2023-04-14,29,Aijā,Sudden Lights,57
2023-04-14,30,Echo - Eurovision 2023 - Georgia,Iru,56
2023-04-14,31,Blood & Glitter,Lord Of The Lost,56
2023-04-14,32,Stay,Monika Linkyte,55
2023-04-14,33,What They Say,Victor Vernicos,55
2023-04-14,34,Tell Me More,TuralTuranX,54
2023-04-14,35,D.G.T (Off And On),Theodor Andrei,54
2023-04-14,36,Duje (Fest 61-live version),Albina dhe familja Kelmendi,52
2023-04-14,37,Like an Animal,Piqued Jacks,43
2023-04-15,1,Tattoo,Loreen,84
2023-04-15,2,Queen of Kings,Alessandra,80
2023-04-15,3,Due Vite,Marco Mengoni,79
2023-04-15,4,Cha Cha Cha,Käärijä,74
2023-04-15,5,I Wrote A Song,Mae Muller,71
2023-04-15,6,Évidemment,La Zarra,69
2023-04-15,7,Unicorn,Noa Kirel,69
2023-04-15,8,Solo,BLANKA,68
2023-04-15,9,Burning Daylight,Mia Nicolai,68
2023-04-15,10,Who the Hell Is Edgar?,TEYA,67
2023-04-15,11,My Sister's Crown,Vesna,67
2023-04-15,12,Future Lover,Brunette,62
2023-04-15,13,EAEA,Blanca Paloma,62
2023-04-15,14,Because Of You,Gustaph,62
2023-04-15,15,Carpe Diem,Joker Out,61
2023-04-15,16,Samo mi se spava,Luke Black,61
2023-04-15,17,Watergun,Remo Forrer,61
2023-04-15,18,Heart of Steel - Eurovision Version,TVORCHI,60
2023-04-15,19,Soarele si Luna,Pasha Parfeni,60
2023-04-15,20,Breaking My Heart,Reiley,60
2023-04-15,21,Break a Broken Heart,Andrew Lambrou,60
2023-04-15,22,Ai Coração,Various Artists,59
2023-04-15,23,Bridges,ALIKA,59
2023-04-15,24,Promise,Voyager,59
2023-04-15,25,Aijā,Sudden Lights,58
2023-04-15,26,Mama ŠČ!,Let 3,58
2023-04-15,27,POWER,Diljá,57
2023-04-15,28,Dance (Our Own Party),The Busker,57
2023-04-15,29,We Are One,Wild Youth,57
2023-04-15,30,Echo - Eurovision 2023 - Georgia,Iru,56
2023-04-15,31,Blood & Glitter,Lord Of The Lost,56
2023-04-15,32,Stay,Monika Linkyte,55
2023-04-15,33,What They Say,Victor Vernicos,55
2023-04-15,34,Tell Me More,TuralTuranX,54
2023-04-15,35,D.G.T (Off And On),Theodor Andrei,54
2023-04-15,36,Duje (Fest 61-live version),Albina dhe familja Kelmendi,52
2023-04-15,37,Like an Animal,Piqued Jacks,44
2023-04-16,1,Tattoo,Loreen,84
2023-04-16,2,Queen of Kings,Alessandra,80
2023-04-16,3,Due Vite,Marco Mengoni,79
2023-04-16,4,Cha Cha Cha,Käärijä,74
2023-04-16,5,I Wrote A Song,Mae Muller,71
2023-04-16,6,Évidemment,La Zarra,69
2023-04-16,7,Unicorn,Noa Kirel,69
2023-04-16,8,Solo,BLANKA,68
2023-04-16,9,Burning Daylight,Mia Nicolai,68
2023-04-16,10,Who the Hell Is Edgar?,TEYA,67
2023-04-16,11,My Sister's Crown,Vesna,67
2023-04-16,12,Future Lover,Brunette,62
2023-04-16,13,EAEA,Blanca Paloma,62
2023-04-16,14,Because Of You,Gustaph,62
2023-04-16,15,Carpe Diem,Joker Out,61
2023-04-16,16,Samo mi se spava,Luke Black,61
2023-04-16,17,Watergun,Remo Forrer,61
2023-04-16,18,Heart of Steel - Eurovision Version,TVORCHI,60
2023-04-16,19,Soarele si Luna,Pasha Parfeni,60
2023-04-16,20,Ai Coração,Various Artists,60
2023-04-16,21,Breaking My Heart,Reiley,60
2023-04-16,22,Break a Broken Heart,Andrew Lambrou,60
2023-04-16,23,Bridges,ALIKA,59
2023-04-16,24,Promise,Voyager,59
2023-04-16,25,POWER,Diljá,58
2023-04-16,26,Aijā,Sudden Lights,58
2023-04-16,27,Mama ŠČ!,Let 3,58
2023-04-16,28,Dance (Our Own Party),The Busker,57
2023-04-16,29,We Are One,Wild Youth,57
2023-04-16,30,Echo - Eurovision 2023 - Georgia,Iru,56
2023-04-16,31,Blood & Glitter,Lord Of The Lost,56
2023-04-16,32,What They Say,Victor Vernicos,56
2023-04-16,33,Stay,Monika Linkyte,55
2023-04-16,34,D.G.T (Off And On),Theodor Andrei,55
2023-04-16,35,Tell Me More,TuralTuranX,54
2023-04-16,36,Duje (Fest 61-live version),Albina dhe familja Kelmendi,52
2023-04-16,37,Like an Animal,Piqued Jacks,45
2023-04-17,1,Tattoo,Loreen,84
2023-04-17,2,Queen of Kings,Alessandra,80
2023-04-17,3,Due Vite,Marco Mengoni,79
2023-04-17,4,Cha Cha Cha,Käärijä,74
2023-04-17,5,I Wrote A Song,Mae Muller,71
2023-04-17,6,Évidemment,La Zarra,70
2023-04-17,7,Unicorn,Noa Kirel,69
2023-04-17,8,Solo,BLANKA,69
2023-04-17,9,Burning Daylight,Mia Nicolai,68
2023-04-17,10,Who the Hell Is Edgar?,TEYA,67
2023-04-17,11,My Sister's Crown,Vesna,67
2023-04-17,12,Because Of You,Gustaph,63
2023-04-17,13,Future Lover,Brunette,62
2023-04-17,14,Carpe Diem,Joker Out,62
2023-04-17,15,EAEA,Blanca Paloma,62
2023-04-17,16,Samo mi se spava,Luke Black,61
2023-04-17,17,Watergun,Remo Forrer,61
2023-04-17,18,Heart of Steel - Eurovision Version,TVORCHI,60
2023-04-17,19,Soarele si Luna,Pasha Parfeni,60
2023-04-17,20,Ai Coração,Various Artists,60
2023-04-17,21,Breaking My Heart,Reiley,60
2023-04-17,22,Break a Broken Heart,Andrew Lambrou,60
2023-04-17,23,Bridges,ALIKA,59
2023-04-17,24,Promise,Voyager,59
2023-04-17,25,POWER,Diljá,58
2023-04-17,26,Aijā,Sudden Lights,58
2023-04-17,27,Mama ŠČ!,Let 3,58
2023-04-17,28,Echo - Eurovision 2023 - Georgia,Iru,57
2023-04-17,29,Dance (Our Own Party),The Busker,57
2023-04-17,30,We Are One,Wild Youth,57
2023-04-17,31,Blood & Glitter,Lord Of The Lost,56
2023-04-17,32,What They Say,Victor Vernicos,56
2023-04-17,33,Stay,Monika Linkyte,55
2023-04-17,34,D.G.T (Off And On),Theodor Andrei,55
2023-04-17,35,Tell Me More,TuralTuranX,54
2023-04-17,36,Duje (Fest 61-live version),Albina dhe familja Kelmendi,52
2023-04-17,37,Like an Animal,Piqued Jacks,46
2023-04-18,1,Tattoo,Loreen,84
2023-04-18,2,Queen of Kings,Alessandra,80
2023-04-18,3,Due Vite,Marco Mengoni,79
2023-04-18,4,Cha Cha Cha,Käärijä,74
2023-04-18,5,I Wrote A Song,Mae Muller,71
2023-04-18,6,Évidemment,La Zarra,70
2023-04-18,7,Unicorn,Noa Kirel,69
2023-04-18,8,Solo,BLANKA,69
2023-04-18,9,Burning Daylight,Mia Nicolai,68
2023-04-18,10,Who the Hell Is Edgar?,TEYA,67
2023-04-18,11,My Sister's Crown,Vesna,67
2023-04-18,12,Because Of You,Gustaph,63
2023-04-18,13,Future Lover,Brunette,62
2023-04-18,14,Carpe Diem,Joker Out,62
2023-04-18,15,EAEA,Blanca Paloma,62
2023-04-18,16,Samo mi se spava,Luke Black,61
2023-04-18,17,Watergun,Remo Forrer,61
2023-04-18,18,Heart of Steel - Eurovision Version,TVORCHI,60
2023-04-18,19,Soarele si Luna,Pasha Parfeni,60
2023-04-18,20,Ai Coração,Various Artists,60
2023-04-18,21,Breaking My Heart,Reiley,60
2023-04-18,22,Break a Broken Heart,Andrew Lambrou,60
2023-04-18,23,Bridges,ALIKA,59
2023-04-18,24,Promise,Voyager,59
2023-04-18,25,POWER,Diljá,58
2023-04-18,26,Aijā,Sudden Lights,58
2023-04-18,27,Mama ŠČ!,Let 3,58
2023-04-18,28,Echo - Eurovision 2023 - Georgia,Iru,57
2023-04-18,29,Dance (Our Own Party),The Busker,57
2023-04-18,30,We Are One,Wild Youth,57
2023-04-18,31,Blood & Glitter,Lord Of The Lost,56
2023-04-18,32,What They Say,Victor Vernicos,56
2023-04-18,33,Stay,Monika Linkyte,55
2023-04-18,34,D.G.T (Off And On),Theodor Andrei,55
2023-04-18,35,Tell Me More,TuralTuranX,54
2023-04-18,36,Duje (Fest 61-live version),Albina dhe familja Kelmendi,52
2023-04-18,37,Like an Animal,Piqued Jacks,46
2023-04-19,1,Tattoo,Loreen,84
2023-04-19,2,Queen of Kings,Alessandra,80
2023-04-19,3,Due Vite,Marco Mengoni,79
2023-04-19,4,Cha Cha Cha,Käärijä,74
2023-04-19,5,I Wrote A Song,Mae Muller,71
2023-04-19,6,Évidemment,La Zarra,70
2023-04-19,7,Unicorn,Noa Kirel,69
2023-04-19,8,Solo,BLANKA,69
2023-04-19,9,Burning Daylight,Mia Nicolai,68
2023-04-19,10,Who the Hell Is Edgar?,TEYA,67
2023-04-19,11,My Sister's Crown,Vesna,67
2023-04-19,12,Because Of You,Gustaph,63
2023-04-19,13,Future Lover,Brunette,62
2023-04-19,14,Carpe Diem,Joker Out,62
2023-04-19,15,EAEA,Blanca Paloma,62
2023-04-19,16,Samo mi se spava,Luke Black,61
2023-04-19,17,Watergun,Remo Forrer,61
2023-04-19,18,Heart of Steel - Eurovision Version,TVORCHI,60
2023-04-19,19,Soarele si Luna,Pasha Parfeni,60
2023-04-19,20,Ai Coração,Various Artists,60
2023-04-19,21,Breaking My Heart,Reiley,60
2023-04-19,22,Break a Broken Heart,Andrew Lambrou,60
2023-04-19,23,Bridges,ALIKA,59
2023-04-19,24,Promise,Voyager,59
2023-04-19,25,POWER,Diljá,58
2023-04-19,26,Aijā,Sudden Lights,58
2023-04-19,27,Mama ŠČ!,Let 3,58
2023-04-19,28,Echo - Eurovision 2023 - Georgia,Iru,57
2023-04-19,29,Dance (Our Own Party),The Busker,57
2023-04-19,30,We Are One,Wild Youth,57
2023-04-19,31,Blood & Glitter,Lord Of The Lost,56
2023-04-19,32,What They Say,Victor Vernicos,56
2023-04-19,33,Stay,Monika Linkyte,55
2023-04-19,34,D.G.T (Off And On),Theodor Andrei,55
2023-04-19,35,Tell Me More,TuralTuranX,54
2023-04-19,36,Duje (Fest 61-live version),Albina dhe familja Kelmendi,52
2023-04-19,37,Like an Animal,Piqued Jacks,47
2023-04-20,1,Tattoo,Loreen,85
2023-04-20,2,Queen of Kings,Alessandra,80
2023-04-20,3,Due Vite,Marco Mengoni,79
2023-04-20,4,Cha Cha Cha,Käärijä,74
2023-04-20,5,I Wrote A Song,Mae Muller,71
2023-04-20,6,Évidemment,La Zarra,70
2023-04-20,7,Unicorn,Noa Kirel,69
2023-04-20,8,Solo,BLANKA,69
2023-04-20,9,Burning Daylight,Mia Nicolai,68
2023-04-20,10,Who the Hell Is Edgar?,TEYA,67
2023-04-20,11,My Sister's Crown,Vesna,67
2023-04-20,12,Because Of You,Gustaph,63
2023-04-20,13,Future Lover,Brunette,62
2023-04-20,14,Carpe Diem,Joker Out,62
2023-04-20,15,EAEA,Blanca Paloma,62
2023-04-20,16,Soarele si Luna,Pasha Parfeni,61
2023-04-20,17,Samo mi se spava,Luke Black,61
2023-04-20,18,Watergun,Remo Forrer,61
2023-04-20,19,Breaking My Heart,Reiley,61
2023-04-20,20,Heart of Steel - Eurovision Version,TVORCHI,60
2023-04-20,21,Ai Coração,Various Artists,60
2023-04-20,22,Bridges,ALIKA,60
2023-04-20,23,Break a Broken Heart,Andrew Lambrou,60
2023-04-20,24,Promise,Voyager,59
2023-04-20,25,POWER,Diljá,58
2023-04-20,26,Dance (Our Own Party),The Busker,58
2023-04-20,27,Aijā,Sudden Lights,58
2023-04-20,28,Mama ŠČ!,Let 3,58
2023-04-20,29,Echo - Eurovision 2023 - Georgia,Iru,57
2023-04-20,30,We Are One,Wild Youth,57
2023-04-20,31,Blood & Glitter,Lord Of The Lost,56
2023-04-20,32,What They Say,Victor Vernicos,56
2023-04-20,33,Stay,Monika Linkyte,55
2023-04-20,34,Tell Me More,TuralTuranX,55
2023-04-20,35,D.G.T (Off And On),Theodor Andrei,55
2023-04-20,36,Duje (Fest 61-live version),Albina dhe familja Kelmendi,52
2023-04-20,37,Like an Animal,Piqued Jacks,48
2023-04-21,1,Tattoo,Loreen,85
2023-04-21,2,Queen of Kings,Alessandra,80
2023-04-21,3,Due Vite,Marco Mengoni,79
2023-04-21,4,Cha Cha Cha,Käärijä,74
2023-04-21,5,I Wrote A Song,Mae Muller,71
2023-04-21,6,Évidemment,La Zarra,70
2023-04-21,7,Unicorn,Noa Kirel,69
2023-04-21,8,Solo,BLANKA,69
2023-04-21,9,Burning Daylight,Mia Nicolai,68
2023-04-21,10,Who the Hell Is Edgar?,TEYA,67
2023-04-21,11,My Sister's Crown,Vesna,67
2023-04-21,12,Future Lover,Brunette,63
2023-04-21,13,Because Of You,Gustaph,63
2023-04-21,14,Carpe Diem,Joker Out,62
2023-04-21,15,EAEA,Blanca Paloma,62
2023-04-21,16,Soarele si Luna,Pasha Parfeni,61
2023-04-21,17,Samo mi se spava,Luke Black,61
2023-04-21,18,Watergun,Remo Forrer,61
2023-04-21,19,Breaking My Heart,Reiley,61
2023-04-21,20,Heart of Steel - Eurovision Version,TVORCHI,60
2023-04-21,21,Ai Coração,Various Artists,60
2023-04-21,22,Bridges,ALIKA,60
2023-04-21,23,Break a Broken Heart,Andrew Lambrou,60
2023-04-21,24,Promise,Voyager,59
2023-04-21,25,POWER,Diljá,58
2023-04-21,26,Dance (Our Own Party),The Busker,58
2023-04-21,27,Aijā,Sudden Lights,58
2023-04-21,28,Mama ŠČ!,Let 3,58
2023-04-21,29,Echo - Eurovision 2023 - Georgia,Iru,57
2023-04-21,30,We Are One,Wild Youth,57
2023-04-21,31,Blood & Glitter,Lord Of The Lost,57
2023-04-21,32,Stay,Monika Linkyte,56
2023-04-21,33,What They Say,Victor Vernicos,56
2023-04-21,34,Tell Me More,TuralTuranX,55
2023-04-21,35,D.G.T (Off And On),Theodor Andrei,55
2023-04-21,36,Duje (Fest 61-live version),Albina dhe familja Kelmendi,52
2023-04-21,37,Like an Animal,Piqued Jacks,48
2023-04-22,1,Tattoo,Loreen,85
2023-04-22,2,Queen of Kings,Alessandra,80
2023-04-22,3,Due Vite,Marco Mengoni,79
2023-04-22,4,Cha Cha Cha,Käärijä,74
2023-04-22,5,I Wrote A Song,Mae Muller,71
2023-04-22,6,Évidemment,La Zarra,70
2023-04-22,7,Unicorn,Noa Kirel,69
2023-04-22,8,Solo,BLANKA,69
2023-04-22,9,Who the Hell Is Edgar?,TEYA,68
2023-04-22,10,Burning Daylight,Mia Nicolai,68
2023-04-22,11,My Sister's Crown,Vesna,67
2023-04-22,12,Future Lover,Brunette,63
2023-04-22,13,Because Of You,Gustaph,63
2023-04-22,14,Carpe Diem,Joker Out,62
2023-04-22,15,EAEA,Blanca Paloma,62
2023-04-22,16,Heart of Steel - Eurovision Version,TVORCHI,61
2023-04-22,17,Soarele si Luna,Pasha Parfeni,61
2023-04-22,18,Samo mi se spava,Luke Black,61
2023-04-22,19,Watergun,Remo Forrer,61
2023-04-22,20,Breaking My Heart,Reiley,61
2023-04-22,21,Ai Coração,Various Artists,60
2023-04-22,22,Bridges,ALIKA,60
2023-04-22,23,Break a Broken Heart,Andrew Lambrou,60
2023-04-22,24,Promise,Voyager,59
2023-04-22,25,Echo - Eurovision 2023 - Georgia,Iru,58
2023-04-22,26,POWER,Diljá,58
2023-04-22,27,Dance (Our Own Party),The Busker,58
2023-04-22,28,Aijā,Sudden Lights,58
2023-04-22,29,Mama ŠČ!,Let 3,58
2023-04-22,30,We Are One,Wild Youth,57
2023-04-22,31,Blood & Glitter,Lord Of The Lost,57
2023-04-22,32,Stay,Monika Linkyte,56
2023-04-22,33,What They Say,Victor Vernicos,56
2023-04-22,34,Tell Me More,TuralTuranX,55
2023-04-22,35,D.G.T (Off And On),Theodor Andrei,55
2023-04-22,36,Duje (Fest 61-live version),Albina dhe familja Kelmendi,52
2023-04-22,37,Like an Animal,Piqued Jacks,49
2023-04-23,1,Tattoo,Loreen,85
2023-04-23,2,Queen of Kings,Alessandra,80
2023-04-23,3,Due Vite,Marco Mengoni,79
2023-04-23,4,Cha Cha Cha,Käärijä,74
2023-04-23,5,I Wrote A Song,Mae Muller,71
2023-04-23,6,Évidemment,La Zarra,70
2023-04-23,7,Solo,BLANKA,70
2023-04-23,8,Unicorn,Noa Kirel,69
2023-04-23,9,Who the Hell Is Edgar?,TEYA,68
2023-04-23,10,Burning Daylight,Mia Nicolai,68
2023-04-23,11,My Sister's Crown,Vesna,67
2023-04-23,12,Future Lover,Brunette,63
2023-04-23,13,Because Of You,Gustaph,63
2023-04-23,14,Carpe Diem,Joker Out,62
2023-04-23,15,Samo mi se spava,Luke Black,62
2023-04-23,16,EAEA,Blanca Paloma,62
2023-04-23,17,Heart of Steel - Eurovision Version,TVORCHI,61
2023-04-23,18,Soarele si Luna,Pasha Parfeni,61
2023-04-23,19,Watergun,Remo Forrer,61
2023-04-23,20,Breaking My Heart,Reiley,61
2023-04-23,21,Ai Coração,Various Artists,60
2023-04-23,22,Bridges,ALIKA,60
2023-04-23,23,Break a Broken Heart,Andrew Lambrou,60
2023-04-23,24,Promise,Voyager,59
2023-04-23,25,Echo - Eurovision 2023 - Georgia,Iru,58
2023-04-23,26,POWER,Diljá,58
2023-04-23,27,Dance (Our Own Party),The Busker,58
2023-04-23,28,Aijā,Sudden Lights,58
2023-04-23,29,Mama ŠČ!,Let 3,58
2023-04-23,30,We Are One,Wild Youth,57
2023-04-23,31,Blood & Glitter,Lord Of The Lost,57
2023-04-23,32,Stay,Monika Linkyte,56
2023-04-23,33,What They Say,Victor Vernicos,56
2023-04-23,34,Tell Me More,TuralTuranX,55
2023-04-23,35,D.G.T (Off And On),Theodor Andrei,55
2023-04-23,36,Duje (Fest 61-live version),Albina dhe familja Kelmendi,52
2023-04-23,37,Like an Animal,Piqued Jacks,49
2023-04-24,1,Tattoo,Loreen,85
2023-04-24,2,Queen of Kings,Alessandra,80
2023-04-24,3,Due Vite,Marco Mengoni,79
2023-04-24,4,Cha Cha Cha,Käärijä,75
2023-04-24,5,I Wrote A Song,Mae Muller,71
2023-04-24,6,Évidemment,La Zarra,70
2023-04-24,7,Solo,BLANKA,70
2023-04-24,8,Unicorn,Noa Kirel,69
2023-04-24,9,Burning Daylight,Mia Nicolai,69
2023-04-24,10,Who the Hell Is Edgar?,TEYA,68
2023-04-24,11,My Sister's Crown,Vesna,67
2023-04-24,12,Future Lover,Brunette,63
2023-04-24,13,Because Of You,Gustaph,63
2023-04-24,14,Carpe Diem,Joker Out,62
2023-04-24,15,Samo mi se spava,Luke Black,62
2023-04-24,16,EAEA,Blanca Paloma,62
2023-04-24,17,Heart of Steel - Eurovision Version,TVORCHI,61
2023-04-24,18,Soarele si Luna,Pasha Parfeni,61
2023-04-24,19,Watergun,Remo Forrer,61
2023-04-24,20,Breaking My Heart,Reiley,61
2023-04-24,21,Ai Coração,Various Artists,60
2023-04-24,22,Bridges,ALIKA,60
2023-04-24,23,Break a Broken Heart,Andrew Lambrou,60
2023-04-24,24,Promise,Voyager,59
2023-04-24,25,Echo - Eurovision 2023 - Georgia,Iru,58
2023-04-24,26,POWER,Diljá,58
2023-04-24,27,Dance (Our Own Party),The Busker,58
2023-04-24,28,Aijā,Sudden Lights,58
2023-04-24,29,Mama ŠČ!,Let 3,58
2023-04-24,30,We Are One,Wild Youth,57
2023-04-24,31,Blood & Glitter,Lord Of The Lost,57
2023-04-24,32,Stay,Monika Linkyte,56
2023-04-24,33,What They Say,Victor Vernicos,56
2023-04-24,34,Tell Me More,TuralTuranX,55
2023-04-24,35,D.G.T (Off And On),Theodor Andrei,55
2023-04-24,36,Duje (Fest 61-live version),Albina dhe familja Kelmendi,52
2023-04-24,37,Like an Animal,Piqued Jacks,50
2023-04-25,1,Tattoo,Loreen,85
2023-04-25,2,Queen of Kings,Alessandra,80
2023-04-25,3,Due Vite,Marco Mengoni,79
2023-04-25,4,Cha Cha Cha,Käärijä,75
2023-04-25,5,I Wrote A Song,Mae Muller,71
2023-04-25,6,Évidemment,La Zarra,70
2023-04-25,7,Solo,BLANKA,70
2023-04-25,8,Unicorn,Noa Kirel,69
2023-04-25,9,Burning Daylight,Mia Nicolai,69
2023-04-25,10,Who the Hell Is Edgar?,TEYA,68
2023-04-25,11,My Sister's Crown,Vesna,67
2023-04-25,12,Future Lover,Brunette,63
2023-04-25,13,Because Of You,Gustaph,63
2023-04-25,14,Carpe Diem,Joker Out,62
2023-04-25,15,Samo mi se spava,Luke Black,62
2023-04-25,16,EAEA,Blanca Paloma,62
2023-04-25,17,Heart of Steel - Eurovision Version,TVORCHI,61
2023-04-25,18,Soarele si Luna,Pasha Parfeni,61
2023-04-25,19,Watergun,Remo Forrer,61
2023-04-25,20,Breaking My Heart,Reiley,61
2023-04-25,21,Ai Coração,Various Artists,60
2023-04-25,22,Bridges,ALIKA,60
2023-04-25,23,Break a Broken Heart,Andrew Lambrou,60
2023-04-25,24,Promise,Voyager,59
2023-04-25,25,Echo - Eurovision 2023 - Georgia,Iru,58
2023-04-25,26,POWER,Diljá,58
2023-04-25,27,Dance (Our Own Party),The Busker,58
2023-04-25,28,Aijā,Sudden Lights,58
2023-04-25,29,Mama ŠČ!,Let 3,58
2023-04-25,30,We Are One,Wild Youth,57
2023-04-25,31,Blood & Glitter,Lord Of The Lost,57
2023-04-25,32,Stay,Monika Linkyte,56
2023-04-25,33,What They Say,Victor Vernicos,56
2023-04-25,34,Tell Me More,TuralTuranX,55
2023-04-25,35,D.G.T (Off And On),Theodor Andrei,55
2023-04-25,36,Duje (Fest 61-live version),Albina dhe familja Kelmendi,52
2023-04-25,37,Like an Animal,Piqued Jacks,50
2023-04-26,1,Tattoo,Loreen,85
2023-04-26,2,Queen of Kings,Alessandra,80
2023-04-26,3,Due Vite,Marco Mengoni,79
2023-04-26,4,Cha Cha Cha,Käärijä,75
2023-04-26,5,I Wrote A Song,Mae Muller,71
2023-04-26,6,Évidemment,La Zarra,70
2023-04-26,7,Solo,BLANKA,70
2023-04-26,8,Unicorn,Noa Kirel,69
2023-04-26,9,Burning Daylight,Mia Nicolai,69
2023-04-26,10,Who the Hell Is Edgar?,TEYA,68
2023-04-26,11,My Sister's Crown,Vesna,68
2023-04-26,12,Future Lover,Brunette,63
2023-04-26,13,Because Of You,Gustaph,63
2023-04-26,14,Carpe Diem,Joker Out,62
2023-04-26,15,Samo mi se spava,Luke Black,62
2023-04-26,16,EAEA,Blanca Paloma,62
2023-04-26,17,Heart of Steel - Eurovision Version,TVORCHI,61
2023-04-26,18,Soarele si Luna,Pasha Parfeni,61
2023-04-26,19,Watergun,Remo Forrer,61
2023-04-26,20,Breaking My Heart,Reiley,61
2023-04-26,21,Ai Coração,Various Artists,60
2023-04-26,22,Bridges,ALIKA,60
2023-04-26,23,Break a Broken Heart,Andrew Lambrou,60
2023-04-26,24,Promise,Voyager,59
2023-04-26,25,Echo - Eurovision 2023 - Georgia,Iru,58
2023-04-26,26,POWER,Diljá,58
2023-04-26,27,Dance (Our Own Party),The Busker,58
2023-04-26,28,Aijā,Sudden Lights,58
2023-04-26,29,Mama ŠČ!,Let 3,58
2023-04-26,30,We Are One,Wild Youth,57
2023-04-26,31,Blood & Glitter,Lord Of The Lost,57
2023-04-26,32,Stay,Monika Linkyte,56
2023-04-26,33,What They Say,Victor Vernicos,56
2023-04-26,34,Tell Me More,TuralTuranX,55
2023-04-26,35,D.G.T (Off And On),Theodor Andrei,55
2023-04-26,36,Duje (Fest 61-live version),Albina dhe familja Kelmendi,52
2023-04-26,37,Like an Animal,Piqued Jacks,50
2023-04-27,1,Tattoo,Loreen,85
2023-04-27,2,Queen of Kings,Alessandra,80
2023-04-27,3,Due Vite,Marco Mengoni,79
2023-04-27,4,Cha Cha Cha,Käärijä,74
2023-04-27,5,I Wrote A Song,Mae Muller,71
2023-04-27,6,Évidemment,La Zarra,70
2023-04-27,7,Solo,BLANKA,70
2023-04-27,8,Unicorn,Noa Kirel,68
2023-04-27,9,Burning Daylight,Mia Nicolai,68
2023-04-27,10,Who the Hell Is Edgar?,TEYA,67
2023-04-27,11,My Sister's Crown,Vesna,67
2023-04-27,12,Future Lover,Brunette,63
2023-04-27,13,Because Of You,Gustaph,63
2023-04-27,14,Carpe Diem,Joker Out,62
2023-04-27,15,EAEA,Blanca Paloma,62
2023-04-27,16,Heart of Steel - Eurovision Version,TVORCHI,61
2023-04-27,17,Soarele si Luna,Pasha Parfeni,61
2023-04-27,18,Samo mi se spava,Luke Black,61
2023-04-27,19,Watergun,Remo Forrer,61
2023-04-27,20,Ai Coração,Various Artists,60
2023-04-27,21,Bridges,ALIKA,60
2023-04-27,22,Breaking My Heart,Reiley,60
2023-04-27,23,Break a Broken Heart,Andrew Lambrou,60
2023-04-27,24,Promise,Voyager,59
2023-04-27,25,Echo - Eurovision 2023 - Georgia,Iru,58
2023-04-27,26,POWER,Diljá,58
2023-04-27,27,Dance (Our Own Party),The Busker,58
2023-04-27,28,Aijā,Sudden Lights,58
2023-04-27,29,Mama ŠČ!,Let 3,58
2023-04-27,30,We Are One,Wild Youth,57
2023-04-27,31,Blood & Glitter,Lord Of The Lost,57
2023-04-27,32,Stay,Monika Linkyte,56
2023-04-27,33,What They Say,Victor Vernicos,56
2023-04-27,34,Tell Me More,TuralTuranX,55
2023-04-27,35,D.G.T (Off And On),Theodor Andrei,55
2023-04-27,36,Duje (Fest 61-live version),Albina dhe familja Kelmendi,52
2023-04-27,37,Like an Animal,Piqued Jacks,50
2023-04-28,1,Tattoo,Loreen,84
2023-04-28,2,Queen of Kings,Alessandra,80
2023-04-28,3,Due Vite,Marco Mengoni,78
2023-04-28,4,Cha Cha Cha,Käärijä,74
2023-04-28,5,I Wrote A Song,Mae Muller,71
2023-04-28,6,Évidemment,La Zarra,70
2023-04-28,7,Solo,BLANKA,70
2023-04-28,8,Unicorn,Noa Kirel,68
2023-04-28,9,Burning Daylight,Mia Nicolai,68
2023-04-28,10,Who the Hell Is Edgar?,TEYA,67
2023-04-28,11,My Sister's Crown,Vesna,67
2023-04-28,12,Future Lover,Brunette,63
2023-04-28,13,Because Of You,Gustaph,63
2023-04-28,14,Carpe Diem,Joker Out,62
2023-04-28,15,EAEA,Blanca Paloma,62
2023-04-28,16,Heart of Steel - Eurovision Version,TVORCHI,61
2023-04-28,17,Soarele si Luna,Pasha Parfeni,61
2023-04-28,18,Samo mi se spava,Luke Black,61
2023-04-28,19,Watergun,Remo Forrer,61
2023-04-28,20,Ai Coração,Various Artists,60
2023-04-28,21,Breaking My Heart,Reiley,60
2023-04-28,22,Break a Broken Heart,Andrew Lambrou,60
2023-04-28,23,Bridges,ALIKA,59
2023-04-28,24,Promise,Voyager,59
2023-04-28,25,Echo - Eurovision 2023 - Georgia,Iru,58
2023-04-28,26,POWER,Diljá,58
2023-04-28,27,Dance (Our Own Party),The Busker,58
2023-04-28,28,Aijā,Sudden Lights,58
2023-04-28,29,Mama ŠČ!,Let 3,58
2023-04-28,30,We Are One,Wild Youth,57
2023-04-28,31,Blood & Glitter,Lord Of The Lost,57
2023-04-28,32,Stay,Monika Linkyte,56
2023-04-28,33,What They Say,Victor Vernicos,56
2023-04-28,34,Tell Me More,TuralTuranX,55
2023-04-28,35,D.G.T (Off And On),Theodor Andrei,55
2023-04-28,36,Duje (Fest 61-live version),Albina dhe familja Kelmendi,52
2023-04-28,37,Like an Animal,Piqued Jacks,50
2023-04-29,1,Tattoo,Loreen,84
2023-04-29,2,Queen of Kings,Alessandra,79
2023-04-29,3,Due Vite,Marco Mengoni,78
2023-04-29,4,Cha Cha Cha,Käärijä,74
2023-04-29,5,I Wrote A Song,Mae Muller,71
2023-04-29,6,Évidemment,La Zarra,70
2023-04-29,7,Solo,BLANKA,70
2023-04-29,8,Unicorn,Noa Kirel,68
2023-04-29,9,Burning Daylight,Mia Nicolai,68
2023-04-29,10,Who the Hell Is Edgar?,TEYA,67
2023-04-29,11,My Sister's Crown,Vesna,67
2023-04-29,12,Future Lover,Brunette,63
2023-04-29,13,Because Of You,Gustaph,63
2023-04-29,14,Carpe Diem,Joker Out,62
2023-04-29,15,EAEA,Blanca Paloma,62
2023-04-29,16,Soarele si Luna,Pasha Parfeni,61
2023-04-29,17,Samo mi se spava,Luke Black,61
2023-04-29,18,Watergun,Remo Forrer,61
2023-04-29,19,Heart of Steel - Eurovision Version,TVORCHI,60
2023-04-29,20,Ai Coração,Various Artists,60
2023-04-29,21,Breaking My Heart,Reiley,60
2023-04-29,22,Break a Broken Heart,Andrew Lambrou,60
2023-04-29,23,Bridges,ALIKA,59
2023-04-29,24,Promise,Voyager,59
2023-04-29,25,Echo - Eurovision 2023 - Georgia,Iru,58
2023-04-29,26,POWER,Diljá,58
2023-04-29,27,Dance (Our Own Party),The Busker,58
2023-04-29,28,Aijā,Sudden Lights,58
2023-04-29,29,We Are One,Wild Youth,57
2023-04-29,30,Mama ŠČ!,Let 3,57
2023-04-29,31,Blood & Glitter,Lord Of The Lost,56
2023-04-29,32,What They Say,Victor Vernicos,56
2023-04-29,33,Stay,Monika Linkyte,55
2023-04-29,34,Tell Me More,TuralTuranX,55
2023-04-29,35,D.G.T (Off And On),Theodor Andrei,55
2023-04-29,36,Duje (Fest 61-live version),Albina dhe familja Kelmendi,52
2023-04-29,37,Like an Animal,Piqued Jacks,51
2023-04-30,1,Tattoo,Loreen,84
2023-04-30,2,Queen of Kings,Alessandra,79
2023-04-30,3,Due Vite,Marco Mengoni,78
2023-04-30,4,Cha Cha Cha,Käärijä,74
2023-04-30,5,I Wrote A Song,Mae Muller,70
2023-04-30,6,Évidemment,La Zarra,70
2023-04-30,7,Solo,BLANKA,70
2023-04-30,8,Unicorn,Noa Kirel,68
2023-04-30,9,Burning Daylight,Mia Nicolai,68
2023-04-30,10,Who the Hell Is Edgar?,TEYA,67
2023-04-30,11,My Sister's Crown,Vesna,67
2023-04-30,12,Because Of You,Gustaph,63
2023-04-30,13,Future Lover,Brunette,62
2023-04-30,14,Carpe Diem,Joker Out,62
2023-04-30,15,Soarele si Luna,Pasha Parfeni,61
2023-04-30,16,Samo mi se spava,Luke Black,61
2023-04-30,17,EAEA,Blanca Paloma,61
2023-04-30,18,Watergun,Remo Forrer,61
2023-04-30,19,Heart of Steel - Eurovision Version,TVORCHI,60
2023-04-30,20,Ai Coração,Various Artists,60
2023-04-30,21,Breaking My Heart,Reiley,60
2023-04-30,22,Break a Broken Heart,Andrew Lambrou,60
2023-04-30,23,Bridges,ALIKA,59
2023-04-30,24,Promise,Voyager,59
2023-04-30,25,Echo - Eurovision 2023 - Georgia,Iru,58
2023-04-30,26,POWER,Diljá,58
2023-04-30,27,Aijā,Sudden Lights,58
2023-04-30,28,Dance (Our Own Party),The Busker,57
2023-04-30,29,We Are One,Wild Youth,57
2023-04-30,30,Mama ŠČ!,Let 3,57
2023-04-30,31,Blood & Glitter,Lord Of The Lost,56
2023-04-30,32,What They Say,Victor Vernicos,56
2023-04-30,33,Stay,Monika Linkyte,55
2023-04-30,34,Tell Me More,TuralTuranX,55
2023-04-30,35,D.G.T (Off And On),Theodor Andrei,54
2023-04-30,36,Duje (Fest 61-live version),Albina dhe familja Kelmendi,52
2023-04-30,37,Like an Animal,Piqued Jacks,51
2023-05-01,1,Tattoo,Loreen,84
2023-05-01,2,Queen of Kings,Alessandra,79
2023-05-01,3,Due Vite,Marco Mengoni,78
2023-05-01,4,Cha Cha Cha,Käärijä,74
2023-05-01,5,I Wrote A Song,Mae Muller,70
2023-05-01,6,Évidemment,La Zarra,70
2023-05-01,7,Solo,BLANKA,70
2023-05-01,8,Unicorn,Noa Kirel,68
2023-05-01,9,Burning Daylight,Mia Nicolai,68
2023-05-01,10,Who the Hell Is Edgar?,TEYA,67
2023-05-01,11,My Sister's Crown,Vesna,67
2023-05-01,12,Future Lover,Brunette,62
2023-05-01,13,Carpe Diem,Joker Out,62
2023-05-01,14,Because Of You,Gustaph,62
2023-05-01,15,Samo mi se spava,Luke Black,61
2023-05-01,16,EAEA,Blanca Paloma,61
2023-05-01,17,Watergun,Remo Forrer,61
2023-05-01,18,Heart of Steel - Eurovision Version,TVORCHI,60
2023-05-01,19,Soarele si Luna,Pasha Parfeni,60
2023-05-01,20,Ai Coração,Various Artists,60
2023-05-01,21,Breaking My Heart,Reiley,60
2023-05-01,22,Break a Broken Heart,Andrew Lambrou,60
2023-05-01,23,Bridges,ALIKA,59
2023-05-01,24,Echo - Eurovision 2023 - Georgia,Iru,58
2023-05-01,25,POWER,Diljá,58
2023-05-01,26,Promise,Voyager,58
2023-05-01,27,Dance (Our Own Party),The Busker,57
2023-05-01,28,Aijā,Sudden Lights,57
2023-05-01,29,Mama ŠČ!,Let 3,57
2023-05-01,30,We Are One,Wild Youth,56
2023-05-01,31,Blood & Glitter,Lord Of The Lost,56
2023-05-01,32,What They Say,Victor Vernicos,56
2023-05-01,33,Stay,Monika Linkyte,55
2023-05-01,34,Tell Me More,TuralTuranX,55
2023-05-01,35,D.G.T (Off And On),Theodor Andrei,54
2023-05-01,36,Duje (Fest 61-live version),Albina dhe familja Kelmendi,52
2023-05-01,37,Like an Animal,Piqued Jacks,51
